Company,Website,Email,Niche,Location,PersonalizationHook,Source
Elite Powder Coating & Technologies,https://elitepct.com,info@elitepct.com,Powder coating (oven logs),"Dieterich, IL, USA",30’x10’x8’ batch oven; semi-automatic line (8-9k parts/day),https://www.powdercoatingnearme.com/coaters/united-states/illinois/dieterich/elite-powder-coating-technologies/
D & W Powder Coating,https://www.dwpowdercoating.com,info@dwpowdercoating.com,Powder coating (oven logs),"Memphis, TN, USA",Automotive & motorcycle coatings,https://www.powdercoatingnearme.com/coaters/united-states/tennessee/memphis-1/d-w-powder-coating-2/
Jett Powder Coating Inc,https://www.jettpowdercoating.com,info@jettpowdercoating.com,Powder coating (oven logs),"Pompano Beach, FL, USA",Architectural & automotive focus,https://www.powdercoatingnearme.com/coaters/united-states/florida/pompano-beach/jett-powder-coating-inc/
Scorpion Powder Coating,,scorpionpowdercoating@hotmail.com,Powder coating (oven logs),"Newport, SC, USA",Parts & patio furniture,https://www.powdercoatingnearme.com/coaters/united-states/south-carolina/newport/scorpion-powder-coating/
Finish Logic,https://finishlogic.com,info@finishlogic.com,Powder coating (oven logs),"Concord, CA, USA",Northern California custom shop,https://www.powdercoatingnearme.com/profile/infofinishlogic-com/
JC Powder Coating,https://jcpowdercoating.com,info@jcpowdercoating.com,Powder coating (oven logs),"Fuquay-Varina, NC, USA",Production coater (Powder Coater category),https://www.powdercoatingnearme.com/coaters/united-states/north-carolina/fuquay-varina/jc-powder-coating/
Duncan Powdercoating,https://duncanpowdercoating.ca,info@duncanpowdercoating.ca,Powder coating (oven logs),"Duncan, BC, Canada",Railing specialist; production line,https://www.powdercoatingnearme.com/coaters/canada/british-columbia/duncan/duncan-powdercoating/
Powder Coating & Weld Works,,srgpcww@gmail.com,Powder coating (oven logs),"Denver, CO, USA",Architectural & general powder coater,https://www.powdercoatingnearme.com/coaters/united-states/colorado/denver-2/powder-coating-weld-works/
Valley Powder Coatings Inc,https://valleypowdercoatings.net,info@valleypowdercoatings.net,Powder coating (oven logs),"Lemon Grove, CA, USA",Motorcycle/ATV; sand blasting,https://www.powdercoatingnearme.com/coaters/united-states/california/lemon-grove-1/valley-powder-coatings-inc/
Powder Coating Systems (Tacoma),https://pcstacoma.com,PCSgregg@PCStacoma.com,Powder coating (oven logs),"Tacoma, WA, USA",Batch & line coater,https://www.powdercoatingnearme.com/coaters/united-states/washington/tacoma-1/powder-coating-systems/
Elite Powder Coating (St. George),,elitepowderandsandblasting@gmail.com,Powder coating (oven logs),"St. George, UT, USA",Architectural & automotive,https://www.powdercoatingnearme.com/coaters/united-states/utah/saint-george-1/elite-powder-coating-2/
Dave's Powder Coating,https://davescoating.com,info@davescoating.com,Powder coating (oven logs),"Langley, BC, Canada",Ceramic coating + blasting,https://www.powdercoatingnearme.com/coaters/canada/british-columbia/langley/daves-powder-coating-2/
Dynamic Powder Coating,https://dynamicpowdercoating.com,theshop@dynamicpowdercoating.com,Powder coating (oven logs),"York, SC, USA",Batch coater; patio furniture,https://www.powdercoatingnearme.com/coaters/united-states/south-carolina/york-1/dynamic-powder-coating/
M & M Powder Coatings LLC,https://mandmpowdercoating.com,info@mandmpowdercoating.com,Powder coating (oven logs),"Vancouver, WA, USA",Automotive; specialty items,https://www.powdercoatingnearme.com/coaters/united-states/washington/vancouver-1/m-m-powder-coatings-llc/
GTZ Powder Coating LLC,https://www.facebook.com/GTZPowderCoating,gtzpowdercoating@gmail.com,Powder coating (oven logs),"San Antonio, TX, USA",Ceramic coating & firearms,https://www.powdercoatingnearme.com/coaters/united-states/texas/san-antonio/gtz-powder-coating-llc/
Carthage Coatings,,carthagecoatings@gmail.com,Powder coating (oven logs),"Philadelphia, NY, USA",Automotive wheels & parts,https://www.powdercoatingnearme.com/coaters/united-states/new-york/philadelphia/carthage-coatings/
Khameleon Koatings,,mhyde_16@hotmail.com,Powder coating (oven logs),"Brattleboro, VT, USA",Powder + sand blasting,https://www.powdercoatingnearme.com/coaters/united-states/vermont/brattleboro/khameleon-koatings/
Blue Flame Powder Coating,https://blueflamepowder.com,info@blueflamepowder.com,Powder coating (oven logs),"Denver, CO, USA","Architectural, automotive, bicycles",https://www.powdercoatingnearme.com/coaters/united-states/colorado/denver-2/blue-flame-powder-coating/
Ragz 2 Rich's Powder Coating & Media Blasting,,ragz2richspc@gmail.com,Powder coating (oven logs),"Lapeer, MI, USA",Family-run; OEM experience,https://www.powdercoatingnearme.com/coaters/united-states/michigan/lapeer/ragz-2-richs-powder-coating-media-blasting/
So Cal Powder Coating,,socalpowder71@gmail.com,Powder coating (oven logs),"Corona, CA, USA",Architectural & automotive,https://www.powdercoatingnearme.com/coaters/united-states/california/corona-1/so-cal-powder-coating/
Premier Powder Coating LLC,,Powdercoating207@gmail.com,Powder coating (oven logs),"Brewer, ME, USA",Local custom shop,https://www.powdercoatingnearme.com/coaters/united-states/maine/brewer/premier-powder-coating-llc-2/
Rocket Powder Coating,https://www.rocketpowdercoating.com,rocketpowdercoating@outlook.com,Powder coating (oven logs),"Tallahassee, FL, USA",Automotive wheels & parts,https://www.powdercoatingnearme.com/coaters/united-states/florida/tallahassee-1/rocket-powder-coating/
TPC Evolution,https://www.facebook.com/TPCEvolution/,tpcevolution@gmail.com,Powder coating (oven logs),"Texas City, TX, USA",Custom powder coating,https://www.powdercoatingnearme.com/coaters/united-states/texas/texas-city/tpc-evolution/
Spectrum Powder Coating,https://spectrumpowdercoat.com,SpectrumPowderCoat@gmail.com,Powder coating (oven logs),"Tracy, CA, USA",Bay Area shop,https://www.powdercoatingnearme.com/coaters/united-states/california/tracy-1/spectrum-powder-coating-2/
Powder Coating Factory,https://thepowdercoatingfactory.com,info@thepowdercoatingfactory.com,Powder coating (oven logs),"Orlando, FL, USA",Architectural & automotive,https://www.powdercoatingnearme.com/coaters/united-states/florida/orlando/powder-coating-factory/
Harmanator Powder Coating,,harmanatorcoatings@gmail.com,Powder coating (oven logs),"Cleburne, TX, USA",Custom shop,https://www.powdercoatingnearme.com/coaters/united-states/texas/cleburne-1/harmanator-powder-coating/
S.Q. Powder Coating LLC,,sqpowder@gmail.com,Powder coating (oven logs),"Horicon, WI, USA",Automotive & parts,https://www.powdercoatingnearme.com/coaters/united-states/wisconsin/horicon-1/sq-powder-coating-llc/
ASAP Powder Coating Inc,,asappowdercoating@gmail.com,Powder coating (oven logs),"Falling Waters, WV, USA","Powder, sandblasting, Cerakote",https://www.powdercoatingnearme.com/coaters/united-states/west-virginia/falling-waters-1/asap-powder-coating-inc/
Carey’s Custom Powder,,careyscustompowder@gmail.com,Powder coating (oven logs),"Newton, NH, USA",Abrasive blasting + wheels,https://www.powdercoatingnearme.com/coaters/united-states/new-hampshire/newton/careys-custom-powder/
E‑Tech Powder Coating Inc,https://e-techpowdercoating.com,sales@e-techpowdercoating.com,Powder coating (oven logs),"Walnut Creek, CA, USA",Automotive & architectural,https://www.powdercoatingnearme.com/coaters/united-states/california/walnut-creek-1/e-tech-powder-coating-inc/
Midwest Sterilization Corporation,https://midweststerilization.com,inquiries@midweststerilization.com,Contract sterilization (EtO),"Jackson, MO, USA","EO contract sterilization; 55,000+ cu ft capacity",https://midweststerilization.com/about/contact/
Parter Sterilization Services,https://www.parterss.com,info@parterss.com,Contract sterilization (EtO/E‑Beam),"Carson & Ontario, CA, USA",EO + Electron Beam facilities,https://www.parterss.com/contact
Life Science Outsourcing (LSO),https://lso-inc.com,info@lso-inc.com,Sterilization & validations,"Brea, CA, USA",Largest contract steam sterilization provider on West Coast,https://lso-inc.com/contact/
Blue Line Sterilization Services,https://www.bluelineeto.com,info@bluelineeto.com,Contract sterilization (EtO),"Novato, CA, USA","Fast, small-load EO processing",https://www.bluelineeto.com/
STERIS AST (Minneapolis),https://www.steris-ast.com/our-locations/minneapolis-minnesota-usa,ast_info@steris.com,Contract sterilization (EtO/Gamma),"Minneapolis, MN, USA",Global network; EtO site,https://www.steris-ast.com/our-locations/minneapolis-minnesota-usa
STERIS AST (San Diego I),https://www.steris-ast.com/our-locations/san-diego-i-california-usa,ast_info@steris.com,Contract sterilization (EtO),"San Diego, CA, USA",9 EtO chambers; large capacity,https://www.steris-ast.com/our-locations/san-diego-i-california-usa
"Noxilizer, Inc.",https://noxilizer.com,info@noxilizer.com,Contract sterilization (Nitrogen dioxide),"Hanover, MD, USA",Low-temp NO2 sterilization,https://noxilizer.com/contract-sterilization-lab-services/
Boulder iQ / Boulder Sterilization,https://bouldersterilization.com,sterilization@boulderiq.com,Contract sterilization (EtO & ClO2),"Boulder, CO, USA",Quick‑turn EO & chlorine dioxide; in‑house testing,https://bouldersterilization.com/product/credit-card-payment/
Prince Sterilization Services,https://princesterilization.com,info@princesterilization.com,Contract sterilization (Steam/HPV/etc.),"Fairfield, NJ, USA",Moist heat & VHP sterilization; custom components,https://contractpharma.texterity.com/contractpharma/corporate_capabilities___contract_services_directory_2023/MobilePagedArticle.action?articleId=1848310
Andersen Europe,https://www.anderseneurope.com/,uk@anderseneurope.com,Sterilizers & services (EtO),"Clacton‑on‑Sea, UK",EO sterilizers; UK office,https://www.anderseneurope.com/contact.php
United States Cold Storage (USCS),https://www.uscold.com,info@uscold.com,Cold storage & logistics,"Camden, NJ, USA",Nationwide temperature‑controlled warehousing,https://www.uscold.com/contact-us/
Central Storage & Warehouse (CSW),https://www.csw-wi.com,info@csw-wi.com,Cold storage & logistics,"Madison, WI, USA",Multi‑site cold storage in WI,https://www.csw-wi.com/get-a-quote/
Agile Cold Storage,https://www.agilecoldstorage.com,info@agilecoldstorage.com,Cold storage & logistics,"Alpharetta, GA, USA (HQ)","Growing network incl. GA, DE, LA, IL",https://www.agilecoldstorage.com/contact-us/
Denver Cold Storage,https://www.denvercold.com,info@denvercold.com,Cold storage & logistics,"Denver, PA, USA",Multiple warehouses in PA,https://www.denvercold.com/
Valley International Cold Storage,https://valleycold.com,info@valleycold.com,Cold storage & logistics,"Harlingen, TX, USA",TX border cold storage; logistics,https://valleycold.com/cold-chain-logistics/
Davy Cold Storage,https://davycoldstorage.net,michael@mjdtrucking.net,Cold storage,"Vineland, NJ, USA",Regional cold storage,https://davycoldstorage.net/
Davy Cold Storage (alt),https://davycoldstorage.net,ariana@mjdtrucking.net,Cold storage,"Vineland, NJ, USA",Regional cold storage,https://davycoldstorage.net/
RLCold (Cold storage construction),https://rlcold.com,info@RLCold.com,Cold storage construction,"Atlanta, GA, USA",Design/build of cold storage facilities,https://rlcold.com/
National Cold Chain (NCC Logistics),https://nationalcoldchain.com,chicago@ncc-logistics.com,Cold chain logistics,"Oakbrook Terrace, IL, USA",US cold chain logistics,https://nationalcoldchain.com/contact-us/
Cold Chain Technologies (HQ),https://www.coldchaintech.com,orders@coldchaintech.com,Cold chain packaging & monitoring,"Franklin, MA, USA",Temperature‑controlled packaging; recycling/returns program,https://www.coldchaintech.com/contact-us/
RLS Logistics,https://rlslogistics.com,info@rlslogistics.com,Cold chain 3PL,"NJ/PA/UT, USA",D2C fulfillment + cold storage,https://rlslogistics.com/contact/
Minnesota Freezer Warehouse Company (MFWC),https://www.mfwc-cold.com,info@mfwc-cold.com,Cold storage & logistics,"Minnesota, USA",Upper Midwest cold chain,https://www.mfwc-cold.com/
